attribute,quality
63.88888888888889,0.0
65.27777777777779,0.0
76.3888888888889,1.0
48.61111111111111,2.0
51.38888888888889,2.0
52.08333333333334,2.0
58.33333333333334,2.0
62.5,2.0
73.6111111111111,2.0
