attribute,quality
68.32917705735662,0.0
90.52369077306732,0.0
93.26683291770573,0.0
92.26932668329178,1.0
96.00997506234413,1.0
71.82044887780548,2.0
73.56608478802994,2.0
74.31421446384041,2.0
75.06234413965088,2.0
76.55860349127181,2.0
89.27680798004988,2.0
92.76807980049877,2.0
