attribute,quality
16.5,0.0
22.5,0.0
53.5,0.0
56.00000000000001,0.0
57.49999999999999,0.0
60.0,0.0
61.0,0.0
63.0,0.0
64.0,0.0
79.5,0.0
81.0,0.0
57.99999999999999,1.0
66.5,1.0
80.5,1.0
97.5,1.0
19.5,2.0
34.5,2.0
37.0,2.0
38.0,2.0
38.5,2.0
39.5,2.0
41.0,2.0
42.0,2.0
42.5,2.0
43.0,2.0
45.0,2.0
49.5,2.0
50.5,2.0
51.0,2.0
52.0,2.0
52.5,2.0
54.0,2.0
56.49999999999999,2.0
